<?xml version="1.0" standalone="yes"?>
<RuleDataset>
  <ExportInfo>
    <ExportConsoleVersion>7.5.0.0</ExportConsoleVersion>
    <KBVersion>7.1.578.0</KBVersion>
    <DateExported>2021-12-09T15:02:06.7785251-07:00</DateExported>
    <ExportLicense>2748491</ExportLicense>
    <ExportUser>LogRhythmAdmin</ExportUser>
  </ExportInfo>
  <MPERule>
    <MPERuleID>1000000022</MPERuleID>
    <MPERuleRegexID>1000000006</MPERuleRegexID>
    <RuleStatus>2</RuleStatus>
    <StatusName>Test</StatusName>
    <CommonEventID>1001061</CommonEventID>
    <CommonEventName>General Socket Information</CommonEventName>
    <MsgClassID>3400</MsgClassID>
    <Name>Socket</Name>
    <FullName>Socket</FullName>
    <BaseRule>1</BaseRule>
    <DefMsgTTL>32</DefMsgTTL>
    <DefMsgArchiveMode>2</DefMsgArchiveMode>
    <DefMsgArchiveModeBool>true</DefMsgArchiveModeBool>
    <DefForwarding>1</DefForwarding>
    <DefForwardingBool>true</DefForwardingBool>
    <DefRiskRating>0</DefRiskRating>
    <DefFalseAlarmRating>0</DefFalseAlarmRating>
    <InheritTech>1</InheritTech>
    <RecordStatus>1</RecordStatus>
    <DateUpdated>2021-12-09T21:33:39.9-07:00</DateUpdated>
    <SortOrder>1</SortOrder>
    <VersionMajor>6</VersionMajor>
    <VersionMinor>1</VersionMinor>
    <SHostIs>0</SHostIs>
    <DHostIs>0</DHostIs>
    <ServiceIs>0</ServiceIs>
    <HostContext>0</HostContext>
    <PrefixBaseRuleName>0</PrefixBaseRuleName>
    <IsSystemRule>No</IsSystemRule>
    <NewRuleRecordType>0</NewRuleRecordType>
    <DefLogMartMode>13627389</DefLogMartMode>
  </MPERule>
  <MPERule>
    <MPERuleID>1000000023</MPERuleID>
    <MPERuleRegexID>1000000006</MPERuleRegexID>
    <RuleStatus>2</RuleStatus>
    <StatusName>Test</StatusName>
    <CommonEventID>1000152</CommonEventID>
    <CommonEventName>Socket Connection</CommonEventName>
    <MsgClassID>3400</MsgClassID>
    <Name>Connection requested</Name>
    <FullName>Connection requested</FullName>
    <BaseRule>0</BaseRule>
    <ShortDesc />
    <LongDesc />
    <DefMsgTTL>32</DefMsgTTL>
    <DefMsgArchiveMode>2</DefMsgArchiveMode>
    <DefMsgArchiveModeBool>true</DefMsgArchiveModeBool>
    <DefForwarding>1</DefForwarding>
    <DefForwardingBool>true</DefForwardingBool>
    <DefRiskRating>0</DefRiskRating>
    <DefFalseAlarmRating>0</DefFalseAlarmRating>
    <MapTag1>*</MapTag1>
    <InheritTech>1</InheritTech>
    <RecordStatus>1</RecordStatus>
    <DateUpdated>2021-12-09T21:22:08.293-07:00</DateUpdated>
    <SortOrder>1</SortOrder>
    <VersionMajor>6</VersionMajor>
    <VersionMinor>1</VersionMinor>
    <SHostIs>0</SHostIs>
    <DHostIs>0</DHostIs>
    <ServiceIs>0</ServiceIs>
    <HostContext>0</HostContext>
    <PrefixBaseRuleName>0</PrefixBaseRuleName>
    <IsSystemRule>No</IsSystemRule>
    <NewRuleRecordType>0</NewRuleRecordType>
    <MapVMID>=CONNECTION - Connection requested.</MapVMID>
    <MapSName>*</MapSName>
    <MapLogin>*</MapLogin>
    <MapSubject>*</MapSubject>
    <DefLogMartMode>13627391</DefLogMartMode>
  </MPERule>
  <MPERuleRegex>
    <MPERuleRegexID>1000000006</MPERuleRegexID>
    <RegexTagged>^(?=.*?\|\s*SOCKET\s*\|).*?\&lt;Computer\&gt;(?&lt;sname&gt;[^&lt;]*)\&lt;/Computer\&gt;.*?\&lt;EventData\&gt;\&lt;Data\&gt;(?&lt;tag1&gt;\d+-\d+-\d+T\d+:\d+:\d+\.\d+Z? \|\s*(?&lt;severity&gt;[^|]*)\|\s*(?&lt;domainimpacted&gt;SOCKET)\s*\|\s*(?&lt;subject&gt;(?&lt;hash&gt;[^|]*)\|\s*(?&lt;login&gt;[^|]*)\|\s*(?&lt;vmid&gt;[^&lt;|]*)[^&lt;]*))\&lt;/Data\&gt;\&lt;/EventData\&gt;</RegexTagged>
    <IgnoreCase>1</IgnoreCase>
    <Multiline>0</Multiline>
    <RecordStatus>1</RecordStatus>
    <DateUpdated>2021-12-09T21:33:39.9-07:00</DateUpdated>
    <PerfMonMode>1</PerfMonMode>
    <VersionMajor>6</VersionMajor>
    <VersionMinor>1</VersionMinor>
  </MPERuleRegex>
  <MPERuleToMST>
    <MsgSourceTypeID>1000000002</MsgSourceTypeID>
    <MPERuleRegexID>1000000006</MPERuleRegexID>
    <SortOrder>2</SortOrder>
    <AutoSort>1</AutoSort>
  </MPERuleToMST>
  <CommonEvent>
    <CommonEventID>1000152</CommonEventID>
    <MsgClassID>3400</MsgClassID>
    <Name>Socket Connection</Name>
    <ShortDesc />
    <DefRiskRating>0</DefRiskRating>
    <DateUpdated>2019-07-02T19:54:07.857-06:00</DateUpdated>
    <RecordStatus>1</RecordStatus>
  </CommonEvent>
  <CommonEvent>
    <CommonEventID>1001061</CommonEventID>
    <MsgClassID>3400</MsgClassID>
    <Name>General Socket Information</Name>
    <ShortDesc />
    <DefRiskRating>0</DefRiskRating>
    <DateUpdated>2019-07-02T19:54:07.857-06:00</DateUpdated>
    <RecordStatus>1</RecordStatus>
  </CommonEvent>
  <MsgSourceType>
    <MsgSourceTypeID>1000000002</MsgSourceTypeID>
    <Name>EZ Cloud Server</Name>
    <FullName>EZ Cloud Server</FullName>
    <Abbreviation>EZ Cloud Server</Abbreviation>
    <ShortDesc />
    <LongDesc />
    <ParentMsgSourceTypeID>1000000000</ParentMsgSourceTypeID>
    <IsMst>1</IsMst>
    <DateUpdated>2021-12-08T23:02:06.5-07:00</DateUpdated>
    <MsgSourceFormat>10</MsgSourceFormat>
    <RecordStatus>1</RecordStatus>
  </MsgSourceType>
</RuleDataset>