<?xml version="1.0" standalone="yes"?>
<RuleDataset>
  <ExportInfo>
    <ExportConsoleVersion>7.5.0.0</ExportConsoleVersion>
    <KBVersion>7.1.578.0</KBVersion>
    <DateExported>2021-12-09T15:01:57.1907244-07:00</DateExported>
    <ExportLicense>2748491</ExportLicense>
    <ExportUser>LogRhythmAdmin</ExportUser>
  </ExportInfo>
  <MPERule>
    <MPERuleID>1000000008</MPERuleID>
    <MPERuleRegexID>1000000004</MPERuleRegexID>
    <RuleStatus>2</RuleStatus>
    <StatusName>Test</StatusName>
    <CommonEventID>1019753</CommonEventID>
    <CommonEventName>General Audit Message</CommonEventName>
    <MsgClassID>1999</MsgClassID>
    <Name>Login</Name>
    <FullName>Login</FullName>
    <BaseRule>1</BaseRule>
    <DefMsgTTL>32</DefMsgTTL>
    <DefMsgArchiveMode>2</DefMsgArchiveMode>
    <DefMsgArchiveModeBool>true</DefMsgArchiveModeBool>
    <DefForwarding>1</DefForwarding>
    <DefForwardingBool>true</DefForwardingBool>
    <DefRiskRating>0</DefRiskRating>
    <DefFalseAlarmRating>0</DefFalseAlarmRating>
    <InheritTech>1</InheritTech>
    <RecordStatus>1</RecordStatus>
    <DateUpdated>2021-12-09T21:33:39.9-07:00</DateUpdated>
    <SortOrder>1</SortOrder>
    <VersionMajor>6</VersionMajor>
    <VersionMinor>1</VersionMinor>
    <SHostIs>0</SHostIs>
    <DHostIs>0</DHostIs>
    <ServiceIs>0</ServiceIs>
    <HostContext>0</HostContext>
    <PrefixBaseRuleName>0</PrefixBaseRuleName>
    <IsSystemRule>No</IsSystemRule>
    <NewRuleRecordType>0</NewRuleRecordType>
    <DefLogMartMode>13627390</DefLogMartMode>
  </MPERule>
  <MPERule>
    <MPERuleID>1000000009</MPERuleID>
    <MPERuleRegexID>1000000004</MPERuleRegexID>
    <RuleStatus>2</RuleStatus>
    <StatusName>Test</StatusName>
    <CommonEventID>1030645</CommonEventID>
    <CommonEventName>User Logon</CommonEventName>
    <MsgClassID>1020</MsgClassID>
    <Name>Valid Credentials</Name>
    <FullName>Valid Credentials</FullName>
    <BaseRule>0</BaseRule>
    <ShortDesc />
    <LongDesc />
    <DefMsgTTL>32</DefMsgTTL>
    <DefMsgArchiveMode>2</DefMsgArchiveMode>
    <DefMsgArchiveModeBool>true</DefMsgArchiveModeBool>
    <DefForwarding>1</DefForwarding>
    <DefForwardingBool>true</DefForwardingBool>
    <DefRiskRating>0</DefRiskRating>
    <DefFalseAlarmRating>0</DefFalseAlarmRating>
    <MapTag1>*</MapTag1>
    <InheritTech>1</InheritTech>
    <RecordStatus>1</RecordStatus>
    <DateUpdated>2021-12-08T23:50:11.127-07:00</DateUpdated>
    <SortOrder>1</SortOrder>
    <VersionMajor>6</VersionMajor>
    <VersionMinor>1</VersionMinor>
    <SHostIs>0</SHostIs>
    <DHostIs>0</DHostIs>
    <ServiceIs>0</ServiceIs>
    <HostContext>0</HostContext>
    <PrefixBaseRuleName>0</PrefixBaseRuleName>
    <IsSystemRule>No</IsSystemRule>
    <NewRuleRecordType>0</NewRuleRecordType>
    <MapVMID>=Credentials for User are valid</MapVMID>
    <MapSName>*</MapSName>
    <MapLogin>*</MapLogin>
    <MapSubject>*</MapSubject>
    <DefLogMartMode>13627389</DefLogMartMode>
  </MPERule>
  <MPERule>
    <MPERuleID>1000000010</MPERuleID>
    <MPERuleRegexID>1000000004</MPERuleRegexID>
    <RuleStatus>2</RuleStatus>
    <StatusName>Test</StatusName>
    <CommonEventID>1032132</CommonEventID>
    <CommonEventName>User Logon Failure</CommonEventName>
    <MsgClassID>1040</MsgClassID>
    <Name>Invalid Credentials</Name>
    <FullName>Invalid Credentials</FullName>
    <BaseRule>0</BaseRule>
    <ShortDesc />
    <LongDesc />
    <DefMsgTTL>32</DefMsgTTL>
    <DefMsgArchiveMode>2</DefMsgArchiveMode>
    <DefMsgArchiveModeBool>true</DefMsgArchiveModeBool>
    <DefForwarding>1</DefForwarding>
    <DefForwardingBool>true</DefForwardingBool>
    <DefRiskRating>0</DefRiskRating>
    <DefFalseAlarmRating>0</DefFalseAlarmRating>
    <MapTag1>*</MapTag1>
    <InheritTech>1</InheritTech>
    <RecordStatus>1</RecordStatus>
    <DateUpdated>2021-12-08T23:50:11.127-07:00</DateUpdated>
    <SortOrder>2</SortOrder>
    <VersionMajor>6</VersionMajor>
    <VersionMinor>1</VersionMinor>
    <SHostIs>0</SHostIs>
    <DHostIs>0</DHostIs>
    <ServiceIs>0</ServiceIs>
    <HostContext>0</HostContext>
    <PrefixBaseRuleName>0</PrefixBaseRuleName>
    <IsSystemRule>No</IsSystemRule>
    <NewRuleRecordType>0</NewRuleRecordType>
    <MapVMID>=Credentials for User are invalid</MapVMID>
    <MapSName>*</MapSName>
    <MapLogin>*</MapLogin>
    <MapSubject>*</MapSubject>
    <DefLogMartMode>13627389</DefLogMartMode>
  </MPERule>
  <MPERule>
    <MPERuleID>1000000011</MPERuleID>
    <MPERuleRegexID>1000000004</MPERuleRegexID>
    <RuleStatus>2</RuleStatus>
    <StatusName>Test</StatusName>
    <CommonEventID>14584</CommonEventID>
    <CommonEventName>Denied Connection</CommonEventName>
    <MsgClassID>3300</MsgClassID>
    <Name>Access Denied</Name>
    <FullName>Access Denied</FullName>
    <BaseRule>0</BaseRule>
    <ShortDesc />
    <LongDesc />
    <DefMsgTTL>32</DefMsgTTL>
    <DefMsgArchiveMode>2</DefMsgArchiveMode>
    <DefMsgArchiveModeBool>true</DefMsgArchiveModeBool>
    <DefForwarding>1</DefForwarding>
    <DefForwardingBool>true</DefForwardingBool>
    <DefRiskRating>5</DefRiskRating>
    <DefFalseAlarmRating>0</DefFalseAlarmRating>
    <MapTag1>*</MapTag1>
    <InheritTech>1</InheritTech>
    <RecordStatus>1</RecordStatus>
    <DateUpdated>2021-12-08T23:50:11.127-07:00</DateUpdated>
    <SortOrder>3</SortOrder>
    <VersionMajor>6</VersionMajor>
    <VersionMinor>1</VersionMinor>
    <SHostIs>0</SHostIs>
    <DHostIs>0</DHostIs>
    <ServiceIs>0</ServiceIs>
    <HostContext>0</HostContext>
    <PrefixBaseRuleName>0</PrefixBaseRuleName>
    <IsSystemRule>No</IsSystemRule>
    <NewRuleRecordType>0</NewRuleRecordType>
    <MapVMID>&lt;Denying access to user .*&gt;</MapVMID>
    <MapSName>*</MapSName>
    <MapLogin>*</MapLogin>
    <MapSubject>*</MapSubject>
    <DefLogMartMode>13627389</DefLogMartMode>
  </MPERule>
  <MPERule>
    <MPERuleID>1000000012</MPERuleID>
    <MPERuleRegexID>1000000004</MPERuleRegexID>
    <RuleStatus>2</RuleStatus>
    <StatusName>Test</StatusName>
    <CommonEventID>1028324</CommonEventID>
    <CommonEventName>General Access Control Message</CommonEventName>
    <MsgClassID>1999</MsgClassID>
    <Name>RBAC Check</Name>
    <FullName>RBAC Check</FullName>
    <BaseRule>0</BaseRule>
    <ShortDesc />
    <LongDesc />
    <DefMsgTTL>32</DefMsgTTL>
    <DefMsgArchiveMode>2</DefMsgArchiveMode>
    <DefMsgArchiveModeBool>true</DefMsgArchiveModeBool>
    <DefForwarding>1</DefForwarding>
    <DefForwardingBool>true</DefForwardingBool>
    <DefRiskRating>0</DefRiskRating>
    <DefFalseAlarmRating>0</DefFalseAlarmRating>
    <MapTag1>*</MapTag1>
    <InheritTech>1</InheritTech>
    <RecordStatus>1</RecordStatus>
    <DateUpdated>2021-12-09T00:01:02.393-07:00</DateUpdated>
    <SortOrder>4</SortOrder>
    <VersionMajor>6</VersionMajor>
    <VersionMinor>1</VersionMinor>
    <SHostIs>0</SHostIs>
    <DHostIs>0</DHostIs>
    <ServiceIs>0</ServiceIs>
    <HostContext>0</HostContext>
    <PrefixBaseRuleName>0</PrefixBaseRuleName>
    <IsSystemRule>No</IsSystemRule>
    <NewRuleRecordType>0</NewRuleRecordType>
    <MapVMID>=RBAC Results for User</MapVMID>
    <MapSName>*</MapSName>
    <MapLogin>*</MapLogin>
    <MapGroup>*</MapGroup>
    <MapSubject>*</MapSubject>
    <DefLogMartMode>13627389</DefLogMartMode>
  </MPERule>
  <MPERuleRegex>
    <MPERuleRegexID>1000000004</MPERuleRegexID>
    <RegexTagged>^(?=.*?\|\s*Login\s*\|).*?\&lt;Computer\&gt;(?&lt;sname&gt;[^&lt;]*)\&lt;/Computer\&gt;.*?\&lt;EventData\&gt;\&lt;Data\&gt;(?&lt;tag1&gt;\d+-\d+-\d+T\d+:\d+:\d+\.\d+Z? \|\s*(?&lt;severity&gt;[^|]*)\|\s*(?&lt;domainimpacted&gt;Login)\s*\|\s*(?&lt;subject&gt;(?&lt;vmid&gt;[^|]*)\|\s*user:(?&lt;login&gt;[^&lt;|]*)(\|\s*role\(s\):\s*\[(?&lt;group&gt;[^]]*)\]\s*\|)?[^&lt;]*))\&lt;/Data\&gt;\&lt;/EventData\&gt;</RegexTagged>
    <IgnoreCase>1</IgnoreCase>
    <Multiline>0</Multiline>
    <RecordStatus>1</RecordStatus>
    <DateUpdated>2021-12-09T21:33:39.9-07:00</DateUpdated>
    <PerfMonMode>1</PerfMonMode>
    <VersionMajor>6</VersionMajor>
    <VersionMinor>1</VersionMinor>
  </MPERuleRegex>
  <MPERuleToMST>
    <MsgSourceTypeID>1000000002</MsgSourceTypeID>
    <MPERuleRegexID>1000000004</MPERuleRegexID>
    <SortOrder>3</SortOrder>
    <AutoSort>1</AutoSort>
  </MPERuleToMST>
  <CommonEvent>
    <CommonEventID>14584</CommonEventID>
    <MsgClassID>3300</MsgClassID>
    <Name>Denied Connection</Name>
    <ShortDesc />
    <DefRiskRating>5</DefRiskRating>
    <DateUpdated>2019-07-02T19:54:07.857-06:00</DateUpdated>
    <RecordStatus>1</RecordStatus>
  </CommonEvent>
  <CommonEvent>
    <CommonEventID>1019753</CommonEventID>
    <MsgClassID>1999</MsgClassID>
    <Name>General Audit Message</Name>
    <ShortDesc />
    <DefRiskRating>0</DefRiskRating>
    <DateUpdated>2019-07-02T19:54:07.857-06:00</DateUpdated>
    <RecordStatus>1</RecordStatus>
  </CommonEvent>
  <CommonEvent>
    <CommonEventID>1028324</CommonEventID>
    <MsgClassID>1999</MsgClassID>
    <Name>General Access Control Message</Name>
    <ShortDesc />
    <DefRiskRating>0</DefRiskRating>
    <DateUpdated>2019-07-02T19:54:07.857-06:00</DateUpdated>
    <RecordStatus>1</RecordStatus>
  </CommonEvent>
  <CommonEvent>
    <CommonEventID>1030645</CommonEventID>
    <MsgClassID>1020</MsgClassID>
    <Name>User Logon</Name>
    <ShortDesc />
    <DefRiskRating>0</DefRiskRating>
    <DateUpdated>2019-07-02T19:54:07.857-06:00</DateUpdated>
    <RecordStatus>1</RecordStatus>
  </CommonEvent>
  <CommonEvent>
    <CommonEventID>1032132</CommonEventID>
    <MsgClassID>1040</MsgClassID>
    <Name>User Logon Failure</Name>
    <ShortDesc />
    <DefRiskRating>0</DefRiskRating>
    <DateUpdated>2019-07-02T19:54:07.857-06:00</DateUpdated>
    <RecordStatus>1</RecordStatus>
  </CommonEvent>
  <MsgSourceType>
    <MsgSourceTypeID>1000000002</MsgSourceTypeID>
    <Name>EZ Cloud Server</Name>
    <FullName>EZ Cloud Server</FullName>
    <Abbreviation>EZ Cloud Server</Abbreviation>
    <ShortDesc />
    <LongDesc />
    <ParentMsgSourceTypeID>1000000000</ParentMsgSourceTypeID>
    <IsMst>1</IsMst>
    <DateUpdated>2021-12-08T23:02:06.5-07:00</DateUpdated>
    <MsgSourceFormat>10</MsgSourceFormat>
    <RecordStatus>1</RecordStatus>
  </MsgSourceType>
</RuleDataset>