<?xml version="1.0" standalone="yes"?>
<RuleDataset>
  <ExportInfo>
    <ExportConsoleVersion>7.5.0.0</ExportConsoleVersion>
    <KBVersion>7.1.578.0</KBVersion>
    <DateExported>2021-12-09T15:01:46.8499273-07:00</DateExported>
    <ExportLicense>2748491</ExportLicense>
    <ExportUser>LogRhythmAdmin</ExportUser>
  </ExportInfo>
  <MPERule>
    <MPERuleID>1000000013</MPERuleID>
    <MPERuleRegexID>1000000005</MPERuleRegexID>
    <RuleStatus>2</RuleStatus>
    <StatusName>Test</StatusName>
    <CommonEventID>1026747</CommonEventID>
    <CommonEventName>Action Performed By Admin</CommonEventName>
    <MsgClassID>1140</MsgClassID>
    <Name>Admin Activity</Name>
    <FullName>Admin Activity</FullName>
    <BaseRule>1</BaseRule>
    <DefMsgTTL>32</DefMsgTTL>
    <DefMsgArchiveMode>2</DefMsgArchiveMode>
    <DefMsgArchiveModeBool>true</DefMsgArchiveModeBool>
    <DefForwarding>1</DefForwarding>
    <DefForwardingBool>true</DefForwardingBool>
    <DefRiskRating>0</DefRiskRating>
    <DefFalseAlarmRating>0</DefFalseAlarmRating>
    <InheritTech>1</InheritTech>
    <RecordStatus>1</RecordStatus>
    <DateUpdated>2021-12-09T21:33:39.903-07:00</DateUpdated>
    <SortOrder>1</SortOrder>
    <VersionMajor>6</VersionMajor>
    <VersionMinor>1</VersionMinor>
    <SHostIs>0</SHostIs>
    <DHostIs>0</DHostIs>
    <ServiceIs>0</ServiceIs>
    <HostContext>0</HostContext>
    <PrefixBaseRuleName>0</PrefixBaseRuleName>
    <IsSystemRule>No</IsSystemRule>
    <NewRuleRecordType>0</NewRuleRecordType>
    <DefLogMartMode>13627390</DefLogMartMode>
  </MPERule>
  <MPERule>
    <MPERuleID>1000000014</MPERuleID>
    <MPERuleRegexID>1000000005</MPERuleRegexID>
    <RuleStatus>2</RuleStatus>
    <StatusName>Test</StatusName>
    <CommonEventID>2435</CommonEventID>
    <CommonEventName>User Account Created</CommonEventName>
    <MsgClassID>1100</MsgClassID>
    <Name>User Created</Name>
    <FullName>User Created</FullName>
    <BaseRule>0</BaseRule>
    <ShortDesc />
    <LongDesc />
    <DefMsgTTL>32</DefMsgTTL>
    <DefMsgArchiveMode>2</DefMsgArchiveMode>
    <DefMsgArchiveModeBool>true</DefMsgArchiveModeBool>
    <DefForwarding>1</DefForwarding>
    <DefForwardingBool>true</DefForwardingBool>
    <DefRiskRating>3</DefRiskRating>
    <DefFalseAlarmRating>0</DefFalseAlarmRating>
    <MapTag1>*</MapTag1>
    <InheritTech>1</InheritTech>
    <RecordStatus>1</RecordStatus>
    <DateUpdated>2021-12-09T00:08:51.183-07:00</DateUpdated>
    <SortOrder>1</SortOrder>
    <VersionMajor>6</VersionMajor>
    <VersionMinor>1</VersionMinor>
    <SHostIs>0</SHostIs>
    <DHostIs>0</DHostIs>
    <ServiceIs>0</ServiceIs>
    <HostContext>0</HostContext>
    <PrefixBaseRuleName>0</PrefixBaseRuleName>
    <IsSystemRule>No</IsSystemRule>
    <NewRuleRecordType>0</NewRuleRecordType>
    <MapVMID>=User Account created</MapVMID>
    <MapSName>*</MapSName>
    <MapLogin>*</MapLogin>
    <MapAccount>*</MapAccount>
    <MapGroup>*</MapGroup>
    <MapRecipient>*</MapRecipient>
    <MapSubject>*</MapSubject>
    <DefLogMartMode>13627389</DefLogMartMode>
  </MPERule>
  <MPERule>
    <MPERuleID>1000000017</MPERuleID>
    <MPERuleRegexID>1000000005</MPERuleRegexID>
    <RuleStatus>2</RuleStatus>
    <StatusName>Test</StatusName>
    <CommonEventID>2436</CommonEventID>
    <CommonEventName>User Account Attribute Modified</CommonEventName>
    <MsgClassID>1160</MsgClassID>
    <Name>User Account Updated</Name>
    <FullName>User Account Updated</FullName>
    <BaseRule>0</BaseRule>
    <ShortDesc />
    <LongDesc />
    <DefMsgTTL>32</DefMsgTTL>
    <DefMsgArchiveMode>2</DefMsgArchiveMode>
    <DefMsgArchiveModeBool>true</DefMsgArchiveModeBool>
    <DefForwarding>1</DefForwarding>
    <DefForwardingBool>true</DefForwardingBool>
    <DefRiskRating>1</DefRiskRating>
    <DefFalseAlarmRating>0</DefFalseAlarmRating>
    <MapTag1>*</MapTag1>
    <InheritTech>1</InheritTech>
    <RecordStatus>1</RecordStatus>
    <DateUpdated>2021-12-09T00:28:47.727-07:00</DateUpdated>
    <SortOrder>2</SortOrder>
    <VersionMajor>6</VersionMajor>
    <VersionMinor>1</VersionMinor>
    <SHostIs>0</SHostIs>
    <DHostIs>0</DHostIs>
    <ServiceIs>0</ServiceIs>
    <HostContext>0</HostContext>
    <PrefixBaseRuleName>0</PrefixBaseRuleName>
    <IsSystemRule>No</IsSystemRule>
    <NewRuleRecordType>0</NewRuleRecordType>
    <MapVMID>=User Account updated</MapVMID>
    <MapSName>*</MapSName>
    <MapLogin>*</MapLogin>
    <MapAccount>*</MapAccount>
    <MapGroup>*</MapGroup>
    <MapRecipient>*</MapRecipient>
    <MapSubject>*</MapSubject>
    <DefLogMartMode>13627389</DefLogMartMode>
  </MPERule>
  <MPERule>
    <MPERuleID>1000000018</MPERuleID>
    <MPERuleRegexID>1000000005</MPERuleRegexID>
    <RuleStatus>2</RuleStatus>
    <StatusName>Test</StatusName>
    <CommonEventID>2434</CommonEventID>
    <CommonEventName>User Account Deleted</CommonEventName>
    <MsgClassID>1120</MsgClassID>
    <Name>User Account Deleted</Name>
    <FullName>User Account Deleted</FullName>
    <BaseRule>0</BaseRule>
    <ShortDesc />
    <LongDesc />
    <DefMsgTTL>32</DefMsgTTL>
    <DefMsgArchiveMode>2</DefMsgArchiveMode>
    <DefMsgArchiveModeBool>true</DefMsgArchiveModeBool>
    <DefForwarding>1</DefForwarding>
    <DefForwardingBool>true</DefForwardingBool>
    <DefRiskRating>0</DefRiskRating>
    <DefFalseAlarmRating>0</DefFalseAlarmRating>
    <MapTag1>*</MapTag1>
    <InheritTech>1</InheritTech>
    <RecordStatus>1</RecordStatus>
    <DateUpdated>2021-12-09T00:30:19.29-07:00</DateUpdated>
    <SortOrder>3</SortOrder>
    <VersionMajor>6</VersionMajor>
    <VersionMinor>1</VersionMinor>
    <SHostIs>0</SHostIs>
    <DHostIs>0</DHostIs>
    <ServiceIs>0</ServiceIs>
    <HostContext>0</HostContext>
    <PrefixBaseRuleName>0</PrefixBaseRuleName>
    <IsSystemRule>No</IsSystemRule>
    <NewRuleRecordType>0</NewRuleRecordType>
    <MapVMID>=User Account deleted</MapVMID>
    <MapSName>*</MapSName>
    <MapLogin>*</MapLogin>
    <MapAccount>*</MapAccount>
    <MapGroup>*</MapGroup>
    <MapRecipient>*</MapRecipient>
    <MapSubject>*</MapSubject>
    <DefLogMartMode>13627389</DefLogMartMode>
  </MPERule>
  <MPERule>
    <MPERuleID>1000000019</MPERuleID>
    <MPERuleRegexID>1000000005</MPERuleRegexID>
    <RuleStatus>2</RuleStatus>
    <StatusName>Test</StatusName>
    <CommonEventID>22000</CommonEventID>
    <CommonEventName>Role Attribute Modified</CommonEventName>
    <MsgClassID>1160</MsgClassID>
    <Name>User Role Created or Updated - Priviledged</Name>
    <FullName>User Role Created or Updated - Priviledged</FullName>
    <BaseRule>0</BaseRule>
    <ShortDesc />
    <LongDesc />
    <DefMsgTTL>32</DefMsgTTL>
    <DefMsgArchiveMode>2</DefMsgArchiveMode>
    <DefMsgArchiveModeBool>true</DefMsgArchiveModeBool>
    <DefForwarding>1</DefForwarding>
    <DefForwardingBool>true</DefForwardingBool>
    <DefRiskRating>1</DefRiskRating>
    <DefFalseAlarmRating>0</DefFalseAlarmRating>
    <MapTag1>*</MapTag1>
    <MapTag2>=Priviledged</MapTag2>
    <InheritTech>1</InheritTech>
    <RecordStatus>1</RecordStatus>
    <DateUpdated>2021-12-09T00:40:57.29-07:00</DateUpdated>
    <SortOrder>4</SortOrder>
    <VersionMajor>6</VersionMajor>
    <VersionMinor>1</VersionMinor>
    <SHostIs>0</SHostIs>
    <DHostIs>0</DHostIs>
    <ServiceIs>0</ServiceIs>
    <HostContext>0</HostContext>
    <PrefixBaseRuleName>0</PrefixBaseRuleName>
    <IsSystemRule>No</IsSystemRule>
    <NewRuleRecordType>0</NewRuleRecordType>
    <MapVMID>=User Role created/updated</MapVMID>
    <MapSName>*</MapSName>
    <MapLogin>*</MapLogin>
    <MapAccount>*</MapAccount>
    <MapGroup>*</MapGroup>
    <MapRecipient>*</MapRecipient>
    <MapSubject>*</MapSubject>
    <DefLogMartMode>13627389</DefLogMartMode>
  </MPERule>
  <MPERule>
    <MPERuleID>1000000020</MPERuleID>
    <MPERuleRegexID>1000000005</MPERuleRegexID>
    <RuleStatus>2</RuleStatus>
    <StatusName>Test</StatusName>
    <CommonEventID>22000</CommonEventID>
    <CommonEventName>Role Attribute Modified</CommonEventName>
    <MsgClassID>1160</MsgClassID>
    <Name>User Role Created or Updated - Not priviledged</Name>
    <FullName>User Role Created or Updated - Not priviledged</FullName>
    <BaseRule>0</BaseRule>
    <ShortDesc />
    <LongDesc />
    <DefMsgTTL>32</DefMsgTTL>
    <DefMsgArchiveMode>2</DefMsgArchiveMode>
    <DefMsgArchiveModeBool>true</DefMsgArchiveModeBool>
    <DefForwarding>1</DefForwarding>
    <DefForwardingBool>true</DefForwardingBool>
    <DefRiskRating>1</DefRiskRating>
    <DefFalseAlarmRating>0</DefFalseAlarmRating>
    <MapTag1>*</MapTag1>
    <MapTag2>=Not priviledged</MapTag2>
    <InheritTech>1</InheritTech>
    <RecordStatus>1</RecordStatus>
    <DateUpdated>2021-12-09T00:41:27.387-07:00</DateUpdated>
    <SortOrder>5</SortOrder>
    <VersionMajor>6</VersionMajor>
    <VersionMinor>1</VersionMinor>
    <SHostIs>0</SHostIs>
    <DHostIs>0</DHostIs>
    <ServiceIs>0</ServiceIs>
    <HostContext>0</HostContext>
    <PrefixBaseRuleName>0</PrefixBaseRuleName>
    <IsSystemRule>No</IsSystemRule>
    <NewRuleRecordType>0</NewRuleRecordType>
    <MapVMID>=User Role created/updated</MapVMID>
    <MapSName>*</MapSName>
    <MapLogin>*</MapLogin>
    <MapAccount>*</MapAccount>
    <MapGroup>*</MapGroup>
    <MapRecipient>*</MapRecipient>
    <MapSubject>*</MapSubject>
    <DefLogMartMode>13627389</DefLogMartMode>
  </MPERule>
  <MPERule>
    <MPERuleID>1000000021</MPERuleID>
    <MPERuleRegexID>1000000005</MPERuleRegexID>
    <RuleStatus>2</RuleStatus>
    <StatusName>Test</StatusName>
    <CommonEventID>1032787</CommonEventID>
    <CommonEventName>Role Deleted</CommonEventName>
    <MsgClassID>1120</MsgClassID>
    <Name>User Role deleted</Name>
    <FullName>User Role deleted</FullName>
    <BaseRule>0</BaseRule>
    <ShortDesc />
    <LongDesc />
    <DefMsgTTL>32</DefMsgTTL>
    <DefMsgArchiveMode>2</DefMsgArchiveMode>
    <DefMsgArchiveModeBool>true</DefMsgArchiveModeBool>
    <DefForwarding>1</DefForwarding>
    <DefForwardingBool>true</DefForwardingBool>
    <DefRiskRating>0</DefRiskRating>
    <DefFalseAlarmRating>0</DefFalseAlarmRating>
    <MapTag1>*</MapTag1>
    <MapTag2>*</MapTag2>
    <InheritTech>1</InheritTech>
    <RecordStatus>1</RecordStatus>
    <DateUpdated>2021-12-09T00:42:30.437-07:00</DateUpdated>
    <SortOrder>6</SortOrder>
    <VersionMajor>6</VersionMajor>
    <VersionMinor>1</VersionMinor>
    <SHostIs>0</SHostIs>
    <DHostIs>0</DHostIs>
    <ServiceIs>0</ServiceIs>
    <HostContext>0</HostContext>
    <PrefixBaseRuleName>0</PrefixBaseRuleName>
    <IsSystemRule>No</IsSystemRule>
    <NewRuleRecordType>0</NewRuleRecordType>
    <MapVMID>=User Role deleted</MapVMID>
    <MapSName>*</MapSName>
    <MapLogin>*</MapLogin>
    <MapAccount>*</MapAccount>
    <MapGroup>*</MapGroup>
    <MapRecipient>*</MapRecipient>
    <MapSubject>*</MapSubject>
    <DefLogMartMode>13627389</DefLogMartMode>
  </MPERule>
  <MPERuleRegex>
    <MPERuleRegexID>1000000005</MPERuleRegexID>
    <RegexTagged>^(?=.*?\|\s*Admin\s*\|).*?\&lt;Computer\&gt;(?&lt;sname&gt;[^&lt;]*)\&lt;/Computer\&gt;.*?\&lt;EventData\&gt;\&lt;Data\&gt;(?&lt;tag1&gt;\d+-\d+-\d+T\d+:\d+:\d+\.\d+Z? \|\s*(?&lt;severity&gt;[^|]*)\|\s*(?&lt;domainimpacted&gt;Admin)\s*\|\s*(?&lt;subject&gt;(?&lt;vmid&gt;[^|]*)\|((\s*Login:\s*(?&lt;account&gt;[^|]*)\|\s*Role UID:\s*(?&lt;recipient&gt;[^|]*)\|)|(\s*User\s+ID:\s*(?&lt;account&gt;[^|]*)\|(\s*Role UID:\s*(?&lt;recipient&gt;[^|]*)\|)?)|(\s*Role UID:\s*(?&lt;recipient&gt;[^|]*)\|(\s*Role Name:\s*(?&lt;group&gt;[^|]*)\|\s*Is Role Priviledged:\s*(?&lt;tag2&gt;[^|]*)\|)?))\s*user:(?&lt;login&gt;[^&lt;|]*)[^&lt;]*))\&lt;/Data\&gt;\&lt;/EventData\&gt;</RegexTagged>
    <IgnoreCase>1</IgnoreCase>
    <Multiline>0</Multiline>
    <RecordStatus>1</RecordStatus>
    <DateUpdated>2021-12-09T21:33:39.903-07:00</DateUpdated>
    <PerfMonMode>1</PerfMonMode>
    <VersionMajor>6</VersionMajor>
    <VersionMinor>1</VersionMinor>
  </MPERuleRegex>
  <MPERuleToMST>
    <MsgSourceTypeID>1000000002</MsgSourceTypeID>
    <MPERuleRegexID>1000000005</MPERuleRegexID>
    <SortOrder>4</SortOrder>
    <AutoSort>1</AutoSort>
  </MPERuleToMST>
  <CommonEvent>
    <CommonEventID>2434</CommonEventID>
    <MsgClassID>1120</MsgClassID>
    <Name>User Account Deleted</Name>
    <ShortDesc>A user account was deleted.</ShortDesc>
    <DefRiskRating>0</DefRiskRating>
    <DateUpdated>2019-07-02T19:54:07.857-06:00</DateUpdated>
    <RecordStatus>1</RecordStatus>
  </CommonEvent>
  <CommonEvent>
    <CommonEventID>2435</CommonEventID>
    <MsgClassID>1100</MsgClassID>
    <Name>User Account Created</Name>
    <ShortDesc>A user account was created.</ShortDesc>
    <DefRiskRating>3</DefRiskRating>
    <DateUpdated>2019-07-02T19:54:07.857-06:00</DateUpdated>
    <RecordStatus>1</RecordStatus>
  </CommonEvent>
  <CommonEvent>
    <CommonEventID>2436</CommonEventID>
    <MsgClassID>1160</MsgClassID>
    <Name>User Account Attribute Modified</Name>
    <ShortDesc>A user accounts properties were modified.</ShortDesc>
    <DefRiskRating>1</DefRiskRating>
    <DateUpdated>2019-07-02T19:54:07.857-06:00</DateUpdated>
    <RecordStatus>1</RecordStatus>
  </CommonEvent>
  <CommonEvent>
    <CommonEventID>22000</CommonEventID>
    <MsgClassID>1160</MsgClassID>
    <Name>Role Attribute Modified</Name>
    <ShortDesc />
    <DefRiskRating>1</DefRiskRating>
    <DateUpdated>2019-07-02T19:54:07.857-06:00</DateUpdated>
    <RecordStatus>1</RecordStatus>
  </CommonEvent>
  <CommonEvent>
    <CommonEventID>1026747</CommonEventID>
    <MsgClassID>1140</MsgClassID>
    <Name>Action Performed By Admin</Name>
    <ShortDesc />
    <DefRiskRating>0</DefRiskRating>
    <DateUpdated>2019-07-02T19:54:07.857-06:00</DateUpdated>
    <RecordStatus>1</RecordStatus>
  </CommonEvent>
  <CommonEvent>
    <CommonEventID>1032787</CommonEventID>
    <MsgClassID>1120</MsgClassID>
    <Name>Role Deleted</Name>
    <ShortDesc />
    <DefRiskRating>0</DefRiskRating>
    <DateUpdated>2019-07-02T19:54:07.857-06:00</DateUpdated>
    <RecordStatus>1</RecordStatus>
  </CommonEvent>
  <MsgSourceType>
    <MsgSourceTypeID>1000000002</MsgSourceTypeID>
    <Name>EZ Cloud Server</Name>
    <FullName>EZ Cloud Server</FullName>
    <Abbreviation>EZ Cloud Server</Abbreviation>
    <ShortDesc />
    <LongDesc />
    <ParentMsgSourceTypeID>1000000000</ParentMsgSourceTypeID>
    <IsMst>1</IsMst>
    <DateUpdated>2021-12-08T23:02:06.5-07:00</DateUpdated>
    <MsgSourceFormat>10</MsgSourceFormat>
    <RecordStatus>1</RecordStatus>
  </MsgSourceType>
</RuleDataset>