<?xml version="1.0" standalone="yes"?>
<RuleDataset>
  <ExportInfo>
    <ExportConsoleVersion>7.5.0.0</ExportConsoleVersion>
    <KBVersion>7.1.578.0</KBVersion>
    <DateExported>2021-12-08T17:52:26.692081-07:00</DateExported>
    <ExportLicense>2748491</ExportLicense>
    <ExportUser>LogRhythmAdmin</ExportUser>
  </ExportInfo>
  <MPERule>
    <MPERuleID>1000000001</MPERuleID>
    <MPERuleRegexID>1000000002</MPERuleRegexID>
    <RuleStatus>2</RuleStatus>
    <StatusName>Test</StatusName>
    <CommonEventID>1019753</CommonEventID>
    <CommonEventName>General Audit Message</CommonEventName>
    <MsgClassID>1999</MsgClassID>
    <Name>Catch All - Level 1</Name>
    <FullName>Catch All - Level 1</FullName>
    <BaseRule>1</BaseRule>
    <DefMsgTTL>32</DefMsgTTL>
    <DefMsgArchiveMode>2</DefMsgArchiveMode>
    <DefMsgArchiveModeBool>true</DefMsgArchiveModeBool>
    <DefForwarding>0</DefForwarding>
    <DefForwardingBool>false</DefForwardingBool>
    <DefRiskRating>0</DefRiskRating>
    <DefFalseAlarmRating>0</DefFalseAlarmRating>
    <InheritTech>1</InheritTech>
    <RecordStatus>1</RecordStatus>
    <DateUpdated>2021-12-09T00:43:42.58-07:00</DateUpdated>
    <SortOrder>1</SortOrder>
    <VersionMajor>4</VersionMajor>
    <VersionMinor>1</VersionMinor>
    <SHostIs>0</SHostIs>
    <DHostIs>0</DHostIs>
    <ServiceIs>0</ServiceIs>
    <HostContext>0</HostContext>
    <PrefixBaseRuleName>0</PrefixBaseRuleName>
    <IsSystemRule>No</IsSystemRule>
    <NewRuleRecordType>0</NewRuleRecordType>
    <DefLogMartMode>13627390</DefLogMartMode>
  </MPERule>
  <MPERule>
    <MPERuleID>1000000002</MPERuleID>
    <MPERuleRegexID>1000000002</MPERuleRegexID>
    <RuleStatus>2</RuleStatus>
    <StatusName>Test</StatusName>
    <CommonEventID>10404</CommonEventID>
    <CommonEventName>Process/Service Started</CommonEventName>
    <MsgClassID>1400</MsgClassID>
    <Name>Service Started</Name>
    <FullName>Service Started</FullName>
    <BaseRule>0</BaseRule>
    <ShortDesc />
    <LongDesc />
    <DefMsgTTL>32</DefMsgTTL>
    <DefMsgArchiveMode>2</DefMsgArchiveMode>
    <DefMsgArchiveModeBool>true</DefMsgArchiveModeBool>
    <DefForwarding>1</DefForwarding>
    <DefForwardingBool>true</DefForwardingBool>
    <DefRiskRating>0</DefRiskRating>
    <DefFalseAlarmRating>0</DefFalseAlarmRating>
    <InheritTech>1</InheritTech>
    <RecordStatus>1</RecordStatus>
    <DateUpdated>2021-12-08T23:33:46.947-07:00</DateUpdated>
    <SortOrder>1</SortOrder>
    <VersionMajor>4</VersionMajor>
    <VersionMinor>1</VersionMinor>
    <SHostIs>0</SHostIs>
    <DHostIs>0</DHostIs>
    <ServiceIs>0</ServiceIs>
    <HostContext>0</HostContext>
    <PrefixBaseRuleName>0</PrefixBaseRuleName>
    <IsSystemRule>No</IsSystemRule>
    <NewRuleRecordType>0</NewRuleRecordType>
    <MapSName>*</MapSName>
    <MapSubject>=Service started successfully.</MapSubject>
    <DefLogMartMode>13627389</DefLogMartMode>
  </MPERule>
  <MPERule>
    <MPERuleID>1000000003</MPERuleID>
    <MPERuleRegexID>1000000002</MPERuleRegexID>
    <RuleStatus>2</RuleStatus>
    <StatusName>Test</StatusName>
    <CommonEventID>19336</CommonEventID>
    <CommonEventName>Process/Service Starting</CommonEventName>
    <MsgClassID>1400</MsgClassID>
    <Name>Service Starting</Name>
    <FullName>Service Starting</FullName>
    <BaseRule>0</BaseRule>
    <ShortDesc />
    <LongDesc />
    <DefMsgTTL>32</DefMsgTTL>
    <DefMsgArchiveMode>2</DefMsgArchiveMode>
    <DefMsgArchiveModeBool>true</DefMsgArchiveModeBool>
    <DefForwarding>1</DefForwarding>
    <DefForwardingBool>true</DefForwardingBool>
    <DefRiskRating>0</DefRiskRating>
    <DefFalseAlarmRating>0</DefFalseAlarmRating>
    <InheritTech>1</InheritTech>
    <RecordStatus>1</RecordStatus>
    <DateUpdated>2021-12-08T23:33:46.95-07:00</DateUpdated>
    <SortOrder>2</SortOrder>
    <VersionMajor>4</VersionMajor>
    <VersionMinor>1</VersionMinor>
    <SHostIs>0</SHostIs>
    <DHostIs>0</DHostIs>
    <ServiceIs>0</ServiceIs>
    <HostContext>0</HostContext>
    <PrefixBaseRuleName>0</PrefixBaseRuleName>
    <IsSystemRule>No</IsSystemRule>
    <NewRuleRecordType>0</NewRuleRecordType>
    <MapSName>*</MapSName>
    <MapSubject>&lt;Starting .*&gt;</MapSubject>
    <DefLogMartMode>13627389</DefLogMartMode>
  </MPERule>
  <MPERule>
    <MPERuleID>1000000006</MPERuleID>
    <MPERuleRegexID>1000000002</MPERuleRegexID>
    <RuleStatus>2</RuleStatus>
    <StatusName>Test</StatusName>
    <CommonEventID>1027301</CommonEventID>
    <CommonEventName>Server Listening</CommonEventName>
    <MsgClassID>3400</MsgClassID>
    <Name>EZ Server listening on HTTPS</Name>
    <FullName>EZ Server listening on HTTPS</FullName>
    <BaseRule>0</BaseRule>
    <ShortDesc />
    <LongDesc />
    <DefMsgTTL>32</DefMsgTTL>
    <DefMsgArchiveMode>2</DefMsgArchiveMode>
    <DefMsgArchiveModeBool>true</DefMsgArchiveModeBool>
    <DefForwarding>0</DefForwarding>
    <DefForwardingBool>false</DefForwardingBool>
    <DefRiskRating>0</DefRiskRating>
    <DefFalseAlarmRating>0</DefFalseAlarmRating>
    <InheritTech>1</InheritTech>
    <RecordStatus>0</RecordStatus>
    <DateUpdated>2021-12-09T00:15:37.007-07:00</DateUpdated>
    <SortOrder>1000000000</SortOrder>
    <VersionMajor>4</VersionMajor>
    <VersionMinor>1</VersionMinor>
    <SHostIs>0</SHostIs>
    <DHostIs>0</DHostIs>
    <ServiceIs>0</ServiceIs>
    <HostContext>0</HostContext>
    <PrefixBaseRuleName>0</PrefixBaseRuleName>
    <IsSystemRule>No</IsSystemRule>
    <NewRuleRecordType>0</NewRuleRecordType>
    <MapSName>*</MapSName>
    <MapSubject>&lt;.*?Listening for HTTPS requests on:.*&gt;</MapSubject>
    <DefLogMartMode>13627389</DefLogMartMode>
  </MPERule>
  <MPERule>
    <MPERuleID>1000000015</MPERuleID>
    <MPERuleRegexID>1000000002</MPERuleRegexID>
    <RuleStatus>2</RuleStatus>
    <StatusName>Test</StatusName>
    <CommonEventID>19342</CommonEventID>
    <CommonEventName>Process/Service Stopping</CommonEventName>
    <MsgClassID>1400</MsgClassID>
    <Name>Service Stopping</Name>
    <FullName>Service Stopping</FullName>
    <BaseRule>0</BaseRule>
    <ShortDesc />
    <LongDesc />
    <DefMsgTTL>32</DefMsgTTL>
    <DefMsgArchiveMode>2</DefMsgArchiveMode>
    <DefMsgArchiveModeBool>true</DefMsgArchiveModeBool>
    <DefForwarding>1</DefForwarding>
    <DefForwardingBool>true</DefForwardingBool>
    <DefRiskRating>0</DefRiskRating>
    <DefFalseAlarmRating>0</DefFalseAlarmRating>
    <InheritTech>1</InheritTech>
    <RecordStatus>1</RecordStatus>
    <DateUpdated>2021-12-09T00:13:44.847-07:00</DateUpdated>
    <SortOrder>3</SortOrder>
    <VersionMajor>4</VersionMajor>
    <VersionMinor>1</VersionMinor>
    <SHostIs>0</SHostIs>
    <DHostIs>0</DHostIs>
    <ServiceIs>0</ServiceIs>
    <HostContext>0</HostContext>
    <PrefixBaseRuleName>0</PrefixBaseRuleName>
    <IsSystemRule>No</IsSystemRule>
    <NewRuleRecordType>0</NewRuleRecordType>
    <MapSName>*</MapSName>
    <MapSubject>&lt;Stopping .*&gt;</MapSubject>
    <DefLogMartMode>13627389</DefLogMartMode>
  </MPERule>
  <MPERule>
    <MPERuleID>1000000016</MPERuleID>
    <MPERuleRegexID>1000000002</MPERuleRegexID>
    <RuleStatus>2</RuleStatus>
    <StatusName>Test</StatusName>
    <CommonEventID>14889</CommonEventID>
    <CommonEventName>Process/Service Stopped</CommonEventName>
    <MsgClassID>1400</MsgClassID>
    <Name>Service Stopped</Name>
    <FullName>Service Stopped</FullName>
    <BaseRule>0</BaseRule>
    <ShortDesc />
    <LongDesc />
    <DefMsgTTL>32</DefMsgTTL>
    <DefMsgArchiveMode>2</DefMsgArchiveMode>
    <DefMsgArchiveModeBool>true</DefMsgArchiveModeBool>
    <DefForwarding>1</DefForwarding>
    <DefForwardingBool>true</DefForwardingBool>
    <DefRiskRating>0</DefRiskRating>
    <DefFalseAlarmRating>0</DefFalseAlarmRating>
    <InheritTech>1</InheritTech>
    <RecordStatus>1</RecordStatus>
    <DateUpdated>2021-12-09T00:14:24.983-07:00</DateUpdated>
    <SortOrder>4</SortOrder>
    <VersionMajor>4</VersionMajor>
    <VersionMinor>1</VersionMinor>
    <SHostIs>0</SHostIs>
    <DHostIs>0</DHostIs>
    <ServiceIs>0</ServiceIs>
    <HostContext>0</HostContext>
    <PrefixBaseRuleName>0</PrefixBaseRuleName>
    <IsSystemRule>No</IsSystemRule>
    <NewRuleRecordType>0</NewRuleRecordType>
    <MapSName>*</MapSName>
    <MapSubject>=Service stopped successfully.</MapSubject>
    <DefLogMartMode>13627389</DefLogMartMode>
  </MPERule>
  <MPERuleRegex>
    <MPERuleRegexID>1000000002</MPERuleRegexID>
    <RegexTagged>.*?\&lt;Level\&gt;(?&lt;severity&gt;[^&lt;]*)\&lt;/Level\&gt;.*?\&lt;Computer\&gt;(?&lt;sname&gt;[^&lt;]*)\&lt;/Computer\&gt;.*?\&lt;EventData\&gt;\&lt;Data\&gt;(?&lt;subject&gt;[^&lt;]*)\&lt;/Data\&gt;\&lt;/EventData\&gt;</RegexTagged>
    <IgnoreCase>1</IgnoreCase>
    <Multiline>0</Multiline>
    <RecordStatus>1</RecordStatus>
    <DateUpdated>2021-12-09T00:43:42.58-07:00</DateUpdated>
    <PerfMonMode>1</PerfMonMode>
    <VersionMajor>4</VersionMajor>
    <VersionMinor>1</VersionMinor>
  </MPERuleRegex>
  <MPERuleToMST>
    <MsgSourceTypeID>1000000002</MsgSourceTypeID>
    <MPERuleRegexID>1000000002</MPERuleRegexID>
    <SortOrder>4</SortOrder>
    <AutoSort>0</AutoSort>
  </MPERuleToMST>
  <CommonEvent>
    <CommonEventID>10404</CommonEventID>
    <MsgClassID>1400</MsgClassID>
    <Name>Process/Service Started</Name>
    <ShortDesc />
    <DefRiskRating>0</DefRiskRating>
    <DateUpdated>2019-07-02T19:54:07.857-06:00</DateUpdated>
    <RecordStatus>1</RecordStatus>
  </CommonEvent>
  <CommonEvent>
    <CommonEventID>14889</CommonEventID>
    <MsgClassID>1400</MsgClassID>
    <Name>Process/Service Stopped</Name>
    <ShortDesc />
    <DefRiskRating>0</DefRiskRating>
    <DateUpdated>2019-07-02T19:54:07.857-06:00</DateUpdated>
    <RecordStatus>1</RecordStatus>
  </CommonEvent>
  <CommonEvent>
    <CommonEventID>19336</CommonEventID>
    <MsgClassID>1400</MsgClassID>
    <Name>Process/Service Starting</Name>
    <ShortDesc />
    <DefRiskRating>0</DefRiskRating>
    <DateUpdated>2019-07-02T19:54:07.857-06:00</DateUpdated>
    <RecordStatus>1</RecordStatus>
  </CommonEvent>
  <CommonEvent>
    <CommonEventID>19342</CommonEventID>
    <MsgClassID>1400</MsgClassID>
    <Name>Process/Service Stopping</Name>
    <ShortDesc />
    <DefRiskRating>0</DefRiskRating>
    <DateUpdated>2019-07-02T19:54:07.857-06:00</DateUpdated>
    <RecordStatus>1</RecordStatus>
  </CommonEvent>
  <CommonEvent>
    <CommonEventID>1019753</CommonEventID>
    <MsgClassID>1999</MsgClassID>
    <Name>General Audit Message</Name>
    <ShortDesc />
    <DefRiskRating>0</DefRiskRating>
    <DateUpdated>2019-07-02T19:54:07.857-06:00</DateUpdated>
    <RecordStatus>1</RecordStatus>
  </CommonEvent>
  <CommonEvent>
    <CommonEventID>1027301</CommonEventID>
    <MsgClassID>3400</MsgClassID>
    <Name>Server Listening</Name>
    <ShortDesc />
    <DefRiskRating>0</DefRiskRating>
    <DateUpdated>2019-07-02T19:54:07.857-06:00</DateUpdated>
    <RecordStatus>1</RecordStatus>
  </CommonEvent>
  <MsgSourceType>
    <MsgSourceTypeID>1000000002</MsgSourceTypeID>
    <Name>EZ Cloud Server</Name>
    <FullName>EZ Cloud Server</FullName>
    <Abbreviation>EZ Cloud Server</Abbreviation>
    <ShortDesc />
    <LongDesc />
    <ParentMsgSourceTypeID>1000000000</ParentMsgSourceTypeID>
    <IsMst>1</IsMst>
    <DateUpdated>2021-12-08T23:02:06.5-07:00</DateUpdated>
    <MsgSourceFormat>10</MsgSourceFormat>
    <RecordStatus>1</RecordStatus>
  </MsgSourceType>
</RuleDataset>