<?xml version="1.0" standalone="yes"?>
<RuleDataset>
  <ExportInfo>
    <ExportConsoleVersion>7.5.0.0</ExportConsoleVersion>
    <KBVersion>7.1.578.0</KBVersion>
    <DateExported>2021-12-08T17:52:44.4317444-07:00</DateExported>
    <ExportLicense>2748491</ExportLicense>
    <ExportUser>LogRhythmAdmin</ExportUser>
  </ExportInfo>
  <MPERule>
    <MPERuleID>1000000004</MPERuleID>
    <MPERuleRegexID>1000000003</MPERuleRegexID>
    <RuleStatus>2</RuleStatus>
    <StatusName>Test</StatusName>
    <CommonEventID>1019753</CommonEventID>
    <CommonEventName>General Audit Message</CommonEventName>
    <MsgClassID>1999</MsgClassID>
    <Name>Catch All - Level 4</Name>
    <FullName>Catch All - Level 4</FullName>
    <BaseRule>1</BaseRule>
    <DefMsgTTL>32</DefMsgTTL>
    <DefMsgArchiveMode>2</DefMsgArchiveMode>
    <DefMsgArchiveModeBool>true</DefMsgArchiveModeBool>
    <DefForwarding>0</DefForwarding>
    <DefForwardingBool>false</DefForwardingBool>
    <DefRiskRating>0</DefRiskRating>
    <DefFalseAlarmRating>0</DefFalseAlarmRating>
    <InheritTech>1</InheritTech>
    <RecordStatus>1</RecordStatus>
    <DateUpdated>2021-12-09T00:43:42.58-07:00</DateUpdated>
    <SortOrder>1</SortOrder>
    <VersionMajor>4</VersionMajor>
    <VersionMinor>1</VersionMinor>
    <SHostIs>0</SHostIs>
    <DHostIs>0</DHostIs>
    <ServiceIs>0</ServiceIs>
    <HostContext>0</HostContext>
    <PrefixBaseRuleName>0</PrefixBaseRuleName>
    <IsSystemRule>No</IsSystemRule>
    <NewRuleRecordType>0</NewRuleRecordType>
    <DefLogMartMode>13627390</DefLogMartMode>
  </MPERule>
  <MPERule>
    <MPERuleID>1000000005</MPERuleID>
    <MPERuleRegexID>1000000003</MPERuleRegexID>
    <RuleStatus>2</RuleStatus>
    <StatusName>Test</StatusName>
    <CommonEventID>10404</CommonEventID>
    <CommonEventName>Process/Service Started</CommonEventName>
    <MsgClassID>1400</MsgClassID>
    <Name>EZ Server Started</Name>
    <FullName>EZ Server Started</FullName>
    <BaseRule>0</BaseRule>
    <ShortDesc />
    <LongDesc />
    <DefMsgTTL>32</DefMsgTTL>
    <DefMsgArchiveMode>2</DefMsgArchiveMode>
    <DefMsgArchiveModeBool>true</DefMsgArchiveModeBool>
    <DefForwarding>1</DefForwarding>
    <DefForwardingBool>true</DefForwardingBool>
    <DefRiskRating>0</DefRiskRating>
    <DefFalseAlarmRating>0</DefFalseAlarmRating>
    <MapTag1>*</MapTag1>
    <InheritTech>1</InheritTech>
    <RecordStatus>1</RecordStatus>
    <DateUpdated>2021-12-08T23:27:17.96-07:00</DateUpdated>
    <SortOrder>1</SortOrder>
    <VersionMajor>4</VersionMajor>
    <VersionMinor>1</VersionMinor>
    <SHostIs>0</SHostIs>
    <DHostIs>0</DHostIs>
    <ServiceIs>0</ServiceIs>
    <HostContext>0</HostContext>
    <PrefixBaseRuleName>0</PrefixBaseRuleName>
    <IsSystemRule>No</IsSystemRule>
    <NewRuleRecordType>0</NewRuleRecordType>
    <MapSName>*</MapSName>
    <MapSubject>&lt;EZ-Cloud Onboarding for Legacy SIEM - Version: .*? - Started&gt;</MapSubject>
    <DefLogMartMode>13627389</DefLogMartMode>
  </MPERule>
  <MPERule>
    <MPERuleID>1000000007</MPERuleID>
    <MPERuleRegexID>1000000003</MPERuleRegexID>
    <RuleStatus>2</RuleStatus>
    <StatusName>Test</StatusName>
    <CommonEventID>1027301</CommonEventID>
    <CommonEventName>Server Listening</CommonEventName>
    <MsgClassID>3400</MsgClassID>
    <Name>EZ Server listening on HTTPS</Name>
    <FullName>EZ Server listening on HTTPS</FullName>
    <BaseRule>0</BaseRule>
    <ShortDesc />
    <LongDesc />
    <DefMsgTTL>32</DefMsgTTL>
    <DefMsgArchiveMode>2</DefMsgArchiveMode>
    <DefMsgArchiveModeBool>true</DefMsgArchiveModeBool>
    <DefForwarding>1</DefForwarding>
    <DefForwardingBool>true</DefForwardingBool>
    <DefRiskRating>0</DefRiskRating>
    <DefFalseAlarmRating>0</DefFalseAlarmRating>
    <MapTag1>*</MapTag1>
    <InheritTech>1</InheritTech>
    <RecordStatus>1</RecordStatus>
    <DateUpdated>2021-12-08T23:33:24.04-07:00</DateUpdated>
    <SortOrder>2</SortOrder>
    <VersionMajor>4</VersionMajor>
    <VersionMinor>1</VersionMinor>
    <SHostIs>0</SHostIs>
    <DHostIs>0</DHostIs>
    <ServiceIs>0</ServiceIs>
    <HostContext>0</HostContext>
    <PrefixBaseRuleName>0</PrefixBaseRuleName>
    <IsSystemRule>No</IsSystemRule>
    <NewRuleRecordType>0</NewRuleRecordType>
    <MapSName>*</MapSName>
    <MapSubject>&lt;.*?Listening for HTTPS requests on:.*&gt;</MapSubject>
    <DefLogMartMode>13627389</DefLogMartMode>
  </MPERule>
  <MPERuleRegex>
    <MPERuleRegexID>1000000003</MPERuleRegexID>
    <RegexTagged>.*?\&lt;Computer\&gt;(?&lt;sname&gt;[^&lt;]*)\&lt;/Computer\&gt;.*?\&lt;EventData\&gt;\&lt;Data\&gt;(?&lt;tag1&gt;\d+-\d+-\d+T\d+:\d+:\d+\.\d+Z? \|\s*(?&lt;severity&gt;[^|]*)\|(\s*(?&lt;domainimpacted&gt;[^|]*)\|)?\s*(?&lt;subject&gt;[^&lt;]*))\&lt;/Data\&gt;\&lt;/EventData\&gt;</RegexTagged>
    <IgnoreCase>1</IgnoreCase>
    <Multiline>0</Multiline>
    <RecordStatus>1</RecordStatus>
    <DateUpdated>2021-12-09T00:43:42.58-07:00</DateUpdated>
    <PerfMonMode>1</PerfMonMode>
    <VersionMajor>4</VersionMajor>
    <VersionMinor>1</VersionMinor>
  </MPERuleRegex>
  <MPERuleToMST>
    <MsgSourceTypeID>1000000002</MsgSourceTypeID>
    <MPERuleRegexID>1000000003</MPERuleRegexID>
    <SortOrder>3</SortOrder>
    <AutoSort>0</AutoSort>
  </MPERuleToMST>
  <CommonEvent>
    <CommonEventID>10404</CommonEventID>
    <MsgClassID>1400</MsgClassID>
    <Name>Process/Service Started</Name>
    <ShortDesc />
    <DefRiskRating>0</DefRiskRating>
    <DateUpdated>2019-07-02T19:54:07.857-06:00</DateUpdated>
    <RecordStatus>1</RecordStatus>
  </CommonEvent>
  <CommonEvent>
    <CommonEventID>1019753</CommonEventID>
    <MsgClassID>1999</MsgClassID>
    <Name>General Audit Message</Name>
    <ShortDesc />
    <DefRiskRating>0</DefRiskRating>
    <DateUpdated>2019-07-02T19:54:07.857-06:00</DateUpdated>
    <RecordStatus>1</RecordStatus>
  </CommonEvent>
  <CommonEvent>
    <CommonEventID>1027301</CommonEventID>
    <MsgClassID>3400</MsgClassID>
    <Name>Server Listening</Name>
    <ShortDesc />
    <DefRiskRating>0</DefRiskRating>
    <DateUpdated>2019-07-02T19:54:07.857-06:00</DateUpdated>
    <RecordStatus>1</RecordStatus>
  </CommonEvent>
  <MsgSourceType>
    <MsgSourceTypeID>1000000002</MsgSourceTypeID>
    <Name>EZ Cloud Server</Name>
    <FullName>EZ Cloud Server</FullName>
    <Abbreviation>EZ Cloud Server</Abbreviation>
    <ShortDesc />
    <LongDesc />
    <ParentMsgSourceTypeID>1000000000</ParentMsgSourceTypeID>
    <IsMst>1</IsMst>
    <DateUpdated>2021-12-08T23:02:06.5-07:00</DateUpdated>
    <MsgSourceFormat>10</MsgSourceFormat>
    <RecordStatus>1</RecordStatus>
  </MsgSourceType>
</RuleDataset>